{
  "iMac Pro 2017": {
    "device_name": "Intel(R) Xeon(R) W-2150B CPU @ 3.00GHz",
    "results": {
      "unary 1d(1, 'exp')": {
        "mean_ms": 0.001905060000004788
      },
      "unary 1d(1, 'relu')": {
        "mean_ms": 0.0018988299999911362
      },
      "unary 1d(1, 'sigmoid')": {
        "mean_ms": 0.0018949200000006883
      },
      "unary 1d(1, 'tanh')": {
        "mean_ms": 0.0021076399999953033
      },
      "unary 1d(3, 'exp')": {
        "mean_ms": 0.0018457699999974153
      },
      "unary 1d(3, 'relu')": {
        "mean_ms": 0.0018516100000010027
      },
      "unary 1d(3, 'sigmoid')": {
        "mean_ms": 0.0017746400000007156
      },
      "unary 1d(3, 'tanh')": {
        "mean_ms": 0.0019145100000139692
      },
      "unary 1d(729, 'exp')": {
        "mean_ms": 0.011710180000001902
      },
      "unary 1d(729, 'relu')": {
        "mean_ms": 0.011584879999986253
      },
      "unary 1d(729, 'sigmoid')": {
        "mean_ms": 0.011728060000006924
      },
      "unary 1d(729, 'tanh')": {
        "mean_ms": 0.013787559999995924
      },
      "unary 1d(2187, 'exp')": {
        "mean_ms": 0.03329031000000038
      },
      "unary 1d(2187, 'relu')": {
        "mean_ms": 0.031799959999987415
      },
      "unary 1d(2187, 'sigmoid')": {
        "mean_ms": 0.03340776000000156
      },
      "unary 1d(2187, 'tanh')": {
        "mean_ms": 0.03953611000001356
      },
      "unary 1d(59049, 'exp')": {
        "mean_ms": 0.8578053800000011
      },
      "unary 1d(59049, 'relu')": {
        "mean_ms": 0.8118945899999994
      },
      "unary 1d(59049, 'sigmoid')": {
        "mean_ms": 0.8640485299999991
      },
      "unary 1d(59049, 'tanh')": {
        "mean_ms": 1.0025638299999828
      },
      "unary 1d(177147, 'exp')": {
        "mean_ms": 2.442618490000017
      },
      "unary 1d(177147, 'relu')": {
        "mean_ms": 2.3284790600000265
      },
      "unary 1d(177147, 'sigmoid')": {
        "mean_ms": 2.4633496799999803
      },
      "unary 1d(177147, 'tanh')": {
        "mean_ms": 2.867343149999994
      },
      "unary 1d(1594323, 'exp')": {
        "mean_ms": 24.327384259999953
      },
      "unary 1d(1594323, 'relu')": {
        "mean_ms": 22.206117470000176
      },
      "unary 1d(1594323, 'sigmoid')": {
        "mean_ms": 22.699096160000177
      },
      "unary 1d(1594323, 'tanh')": {
        "mean_ms": 25.973704080000065
      }
    }
  },
  "Ubuntu": {
    "device_name": "NVIDIA GeForce RTX 3090",
    "results": {
      "unary 1d(1, 'exp')": {
        "mean_ms": 0.017134779918706045
      },
      "unary 1d(1, 'relu')": {
        "mean_ms": 0.017331420112896012
      },
      "unary 1d(1, 'sigmoid')": {
        "mean_ms": 0.016961740166152595
      },
      "unary 1d(1, 'tanh')": {
        "mean_ms": 0.016916390086407773
      },
      "unary 1d(3, 'exp')": {
        "mean_ms": 0.017086950028897263
      },
      "unary 1d(3, 'relu')": {
        "mean_ms": 0.017769940095604397
      },
      "unary 1d(3, 'sigmoid')": {
        "mean_ms": 0.01685069992163335
      },
      "unary 1d(3, 'tanh')": {
        "mean_ms": 0.016739880102250027
      },
      "unary 1d(729, 'exp')": {
        "mean_ms": 0.02353684007175616
      },
      "unary 1d(729, 'relu')": {
        "mean_ms": 0.023596409992023837
      },
      "unary 1d(729, 'sigmoid')": {
        "mean_ms": 0.023035149970382918
      },
      "unary 1d(729, 'tanh')": {
        "mean_ms": 0.02297171002282994
      },
      "unary 1d(2187, 'exp')": {
        "mean_ms": 0.034870500003307825
      },
      "unary 1d(2187, 'relu')": {
        "mean_ms": 0.0356356600059371
      },
      "unary 1d(2187, 'sigmoid')": {
        "mean_ms": 0.03457492006418761
      },
      "unary 1d(2187, 'tanh')": {
        "mean_ms": 0.03540534993589972
      },
      "unary 1d(59049, 'exp')": {
        "mean_ms": 0.5118267201032722
      },
      "unary 1d(59049, 'relu')": {
        "mean_ms": 0.5111842799851729
      },
      "unary 1d(59049, 'sigmoid')": {
        "mean_ms": 0.5122697900333151
      },
      "unary 1d(59049, 'tanh')": {
        "mean_ms": 0.5107985099675716
      },
      "unary 1d(177147, 'exp')": {
        "mean_ms": 1.5114758201161749
      },
      "unary 1d(177147, 'relu')": {
        "mean_ms": 1.49879651989977
      },
      "unary 1d(177147, 'sigmoid')": {
        "mean_ms": 1.4965170399227645
      },
      "unary 1d(177147, 'tanh')": {
        "mean_ms": 1.4984700700370013
      }
    }
  }
}