{
  "iMac Pro 2017": {
    "device_name": "Intel(R) Xeon(R) W-2150B CPU @ 3.00GHz",
    "results": {
      "unary 1d(1, 'exp')": {
        "mean_ms": 0.0018971400000289407
      },
      "unary 1d(1, 'relu')": {
        "mean_ms": 0.0020406100000003313
      },
      "unary 1d(1, 'sigmoid')": {
        "mean_ms": 0.0019570400000001875
      },
      "unary 1d(1, 'tanh')": {
        "mean_ms": 0.002153570000014149
      },
      "unary 1d(3, 'exp')": {
        "mean_ms": 0.001760079999986175
      },
      "unary 1d(3, 'relu')": {
        "mean_ms": 0.0018898900000041685
      },
      "unary 1d(3, 'sigmoid')": {
        "mean_ms": 0.0018298199999855491
      },
      "unary 1d(3, 'tanh')": {
        "mean_ms": 0.0023268499999895553
      },
      "unary 1d(729, 'exp')": {
        "mean_ms": 0.01216910999999099
      },
      "unary 1d(729, 'relu')": {
        "mean_ms": 0.012097489999995936
      },
      "unary 1d(729, 'sigmoid')": {
        "mean_ms": 0.012115739999996045
      },
      "unary 1d(729, 'tanh')": {
        "mean_ms": 0.013779350000007184
      },
      "unary 1d(2187, 'exp')": {
        "mean_ms": 0.033807129999987584
      },
      "unary 1d(2187, 'relu')": {
        "mean_ms": 0.03334037000001233
      },
      "unary 1d(2187, 'sigmoid')": {
        "mean_ms": 0.037991059999995525
      },
      "unary 1d(2187, 'tanh')": {
        "mean_ms": 0.04026051000000308
      },
      "unary 1d(59049, 'exp')": {
        "mean_ms": 0.9218834200000049
      },
      "unary 1d(59049, 'relu')": {
        "mean_ms": 0.8622017299999958
      },
      "unary 1d(59049, 'sigmoid')": {
        "mean_ms": 0.9293525199999929
      },
      "unary 1d(59049, 'tanh')": {
        "mean_ms": 1.0563641299999873
      },
      "unary 1d(177147, 'exp')": {
        "mean_ms": 2.668410019999978
      },
      "unary 1d(177147, 'relu')": {
        "mean_ms": 2.54384559
      },
      "unary 1d(177147, 'sigmoid')": {
        "mean_ms": 2.7275111099999805
      },
      "unary 1d(177147, 'tanh')": {
        "mean_ms": 3.146045580000005
      }
    }
  },
  "Ubuntu": {
    "device_name": "NVIDIA GeForce RTX 3090",
    "results": {
      "unary 1d(1, 'exp')": {
        "mean_ms": 0.017134779918706045
      },
      "unary 1d(1, 'relu')": {
        "mean_ms": 0.017331420112896012
      },
      "unary 1d(1, 'sigmoid')": {
        "mean_ms": 0.016961740166152595
      },
      "unary 1d(1, 'tanh')": {
        "mean_ms": 0.016916390086407773
      },
      "unary 1d(3, 'exp')": {
        "mean_ms": 0.017086950028897263
      },
      "unary 1d(3, 'relu')": {
        "mean_ms": 0.017769940095604397
      },
      "unary 1d(3, 'sigmoid')": {
        "mean_ms": 0.01685069992163335
      },
      "unary 1d(3, 'tanh')": {
        "mean_ms": 0.016739880102250027
      },
      "unary 1d(729, 'exp')": {
        "mean_ms": 0.02353684007175616
      },
      "unary 1d(729, 'relu')": {
        "mean_ms": 0.023596409992023837
      },
      "unary 1d(729, 'sigmoid')": {
        "mean_ms": 0.023035149970382918
      },
      "unary 1d(729, 'tanh')": {
        "mean_ms": 0.02297171002282994
      },
      "unary 1d(2187, 'exp')": {
        "mean_ms": 0.034870500003307825
      },
      "unary 1d(2187, 'relu')": {
        "mean_ms": 0.0356356600059371
      },
      "unary 1d(2187, 'sigmoid')": {
        "mean_ms": 0.03457492006418761
      },
      "unary 1d(2187, 'tanh')": {
        "mean_ms": 0.03540534993589972
      },
      "unary 1d(59049, 'exp')": {
        "mean_ms": 0.5118267201032722
      },
      "unary 1d(59049, 'relu')": {
        "mean_ms": 0.5111842799851729
      },
      "unary 1d(59049, 'sigmoid')": {
        "mean_ms": 0.5122697900333151
      },
      "unary 1d(59049, 'tanh')": {
        "mean_ms": 0.5107985099675716
      },
      "unary 1d(177147, 'exp')": {
        "mean_ms": 1.5114758201161749
      },
      "unary 1d(177147, 'relu')": {
        "mean_ms": 1.49879651989977
      },
      "unary 1d(177147, 'sigmoid')": {
        "mean_ms": 1.4965170399227645
      },
      "unary 1d(177147, 'tanh')": {
        "mean_ms": 1.4984700700370013
      }
    }
  }
}