{
  "iMac Pro 2017": {
    "device_name": "Intel(R) Xeon(R) W-2150B CPU @ 3.00GHz",
    "results": {
      "unary 1d(1, 'relu')": {
        "mean_ms": 0.001301837300000086
      },
      "unary 1d(1, 'sigmoid')": {
        "mean_ms": 0.0013139665999998495
      },
      "unary 1d(729, 'relu')": {
        "mean_ms": 0.0013993189999999434
      },
      "unary 1d(729, 'sigmoid')": {
        "mean_ms": 0.0019931899000000587
      },
      "unary 1d(2187, 'relu')": {
        "mean_ms": 0.0017545758000000245
      },
      "unary 1d(2187, 'sigmoid')": {
        "mean_ms": 0.0034285484999999173
      },
      "unary 1d(59049, 'relu')": {
        "mean_ms": 0.014652978200000177
      },
      "unary 1d(59049, 'sigmoid')": {
        "mean_ms": 0.05779599169999998
      },
      "unary 1d(177147, 'relu')": {
        "mean_ms": 0.07348320020000018
      },
      "unary 1d(177147, 'sigmoid')": {
        "mean_ms": 0.1823768380000005
      },
      "unary 1d(531441, 'relu')": {
        "mean_ms": 0.43123105470000167
      },
      "unary 1d(531441, 'sigmoid')": {
        "mean_ms": 0.7139967109000014
      },
      "unary 1d(1594323, 'relu')": {
        "mean_ms": 1.5924351105000005
      },
      "unary 1d(1594323, 'sigmoid')": {
        "mean_ms": 2.3789817764999945
      }
    }
  },
  "Ubuntu": {
    "device_name": "NVIDIA GeForce RTX 3090",
    "results": {
      "unary 1d(1, 'relu')": {
        "mean_ms": 0.004985044598652166
      },
      "unary 1d(1, 'sigmoid')": {
        "mean_ms": 0.004536234700208297
      },
      "unary 1d(729, 'relu')": {
        "mean_ms": 0.0050500405977800256
      },
      "unary 1d(729, 'sigmoid')": {
        "mean_ms": 0.004659363898463198
      },
      "unary 1d(2187, 'relu')": {
        "mean_ms": 0.005203676098608412
      },
      "unary 1d(2187, 'sigmoid')": {
        "mean_ms": 0.00478523089986993
      },
      "unary 1d(59049, 'relu')": {
        "mean_ms": 0.010222147998138097
      },
      "unary 1d(59049, 'sigmoid')": {
        "mean_ms": 0.009777906502131372
      },
      "unary 1d(177147, 'relu')": {
        "mean_ms": 0.021203398600118818
      },
      "unary 1d(177147, 'sigmoid')": {
        "mean_ms": 0.020586469901172678
      },
      "unary 1d(531441, 'relu')": {
        "mean_ms": 0.05511234249825066
      },
      "unary 1d(531441, 'sigmoid')": {
        "mean_ms": 0.05354694990091957
      },
      "unary 1d(1594323, 'relu')": {
        "mean_ms": 0.16755459219966723
      },
      "unary 1d(1594323, 'sigmoid')": {
        "mean_ms": 0.15858024310182373
      }
    }
  }
}