{
  "iMac Pro 2017": {
    "device_name": "Intel(R) Xeon(R) W-2150B CPU @ 3.00GHz",
    "results": {
      "unary 1d(1, 'exp')": {
        "mean_ms": 0.0017489299999962071
      },
      "unary 1d(1, 'relu')": {
        "mean_ms": 0.002601019999999288
      },
      "unary 1d(1, 'sigmoid')": {
        "mean_ms": 0.0023726700000037404
      },
      "unary 1d(1, 'tanh')": {
        "mean_ms": 0.002719750000002019
      },
      "unary 1d(3, 'exp')": {
        "mean_ms": 0.0025912399999938884
      },
      "unary 1d(3, 'relu')": {
        "mean_ms": 0.0021849200000234603
      },
      "unary 1d(3, 'sigmoid')": {
        "mean_ms": 0.002187650000011754
      },
      "unary 1d(3, 'tanh')": {
        "mean_ms": 0.0026012199999936314
      },
      "unary 1d(729, 'exp')": {
        "mean_ms": 0.012027050000000816
      },
      "unary 1d(729, 'relu')": {
        "mean_ms": 0.012301880000000764
      },
      "unary 1d(729, 'sigmoid')": {
        "mean_ms": 0.01274172000000462
      },
      "unary 1d(729, 'tanh')": {
        "mean_ms": 0.013635879999991385
      },
      "unary 1d(2187, 'exp')": {
        "mean_ms": 0.031208510000009237
      },
      "unary 1d(2187, 'relu')": {
        "mean_ms": 0.0326409400000105
      },
      "unary 1d(2187, 'sigmoid')": {
        "mean_ms": 0.03292429000000041
      },
      "unary 1d(2187, 'tanh')": {
        "mean_ms": 0.037330429999995474
      },
      "unary 1d(59049, 'exp')": {
        "mean_ms": 0.8595225699999952
      },
      "unary 1d(59049, 'relu')": {
        "mean_ms": 0.817181550000015
      },
      "unary 1d(59049, 'sigmoid')": {
        "mean_ms": 0.8695381999999928
      },
      "unary 1d(59049, 'tanh')": {
        "mean_ms": 1.0145091800000114
      },
      "unary 1d(177147, 'exp')": {
        "mean_ms": 2.4909882300000294
      },
      "unary 1d(177147, 'relu')": {
        "mean_ms": 2.420883400000036
      },
      "unary 1d(177147, 'sigmoid')": {
        "mean_ms": 2.5044747100000024
      },
      "unary 1d(177147, 'tanh')": {
        "mean_ms": 2.911816649999998
      },
      "unary 1d(531441, 'exp')": {
        "mean_ms": 8.041043200000072
      },
      "unary 1d(531441, 'relu')": {
        "mean_ms": 7.514801870000013
      },
      "unary 1d(531441, 'sigmoid')": {
        "mean_ms": 7.817297830000016
      },
      "unary 1d(531441, 'tanh')": {
        "mean_ms": 8.92526138999987
      },
      "unary 1d(1594323, 'exp')": {
        "mean_ms": 23.813698160000037
      },
      "unary 1d(1594323, 'relu')": {
        "mean_ms": 22.30062170000005
      },
      "unary 1d(1594323, 'sigmoid')": {
        "mean_ms": 22.803965779999857
      },
      "unary 1d(1594323, 'tanh')": {
        "mean_ms": 25.946339269999818
      }
    }
  },
  "Ubuntu": {
    "device_name": "NVIDIA GeForce RTX 3090",
    "results": {
      "unary 1d(1, 'exp')": {
        "mean_ms": 0.017307089947280474
      },
      "unary 1d(1, 'relu')": {
        "mean_ms": 0.01801555004931288
      },
      "unary 1d(1, 'sigmoid')": {
        "mean_ms": 0.017150799940282013
      },
      "unary 1d(1, 'tanh')": {
        "mean_ms": 0.01733656998112565
      },
      "unary 1d(3, 'exp')": {
        "mean_ms": 0.017355979871354066
      },
      "unary 1d(3, 'relu')": {
        "mean_ms": 0.017928069864865392
      },
      "unary 1d(3, 'sigmoid')": {
        "mean_ms": 0.017258049992960878
      },
      "unary 1d(3, 'tanh')": {
        "mean_ms": 0.017341550192213617
      },
      "unary 1d(729, 'exp')": {
        "mean_ms": 0.023607859839103185
      },
      "unary 1d(729, 'relu')": {
        "mean_ms": 0.02398638996965019
      },
      "unary 1d(729, 'sigmoid')": {
        "mean_ms": 0.023501489849877544
      },
      "unary 1d(729, 'tanh')": {
        "mean_ms": 0.023890190132078715
      },
      "unary 1d(2187, 'exp')": {
        "mean_ms": 0.03582531018764712
      },
      "unary 1d(2187, 'relu')": {
        "mean_ms": 0.035468789901642594
      },
      "unary 1d(2187, 'sigmoid')": {
        "mean_ms": 0.03490231010800926
      },
      "unary 1d(2187, 'tanh')": {
        "mean_ms": 0.03494194010272622
      },
      "unary 1d(59049, 'exp')": {
        "mean_ms": 0.510506159880606
      },
      "unary 1d(59049, 'relu')": {
        "mean_ms": 0.5104153397769551
      },
      "unary 1d(59049, 'sigmoid')": {
        "mean_ms": 0.5103338998742402
      },
      "unary 1d(59049, 'tanh')": {
        "mean_ms": 0.5108106000625412
      },
      "unary 1d(177147, 'exp')": {
        "mean_ms": 1.5092946099684923
      },
      "unary 1d(177147, 'relu')": {
        "mean_ms": 1.496600440259499
      },
      "unary 1d(177147, 'sigmoid')": {
        "mean_ms": 1.4964316600526217
      },
      "unary 1d(177147, 'tanh')": {
        "mean_ms": 1.497090749835479
      },
      "unary 1d(531441, 'exp')": {
        "mean_ms": 5.004458160074137
      },
      "unary 1d(531441, 'relu')": {
        "mean_ms": 4.868550640094327
      },
      "unary 1d(531441, 'sigmoid')": {
        "mean_ms": 4.885275449923938
      },
      "unary 1d(531441, 'tanh')": {
        "mean_ms": 4.913984840313788
      },
      "unary 1d(1594323, 'exp')": {
        "mean_ms": 15.24185075009882
      },
      "unary 1d(1594323, 'relu')": {
        "mean_ms": 14.226782110054046
      },
      "unary 1d(1594323, 'sigmoid')": {
        "mean_ms": 14.316943770463695
      },
      "unary 1d(1594323, 'tanh')": {
        "mean_ms": 14.268473839947546
      }
    }
  }
}