{
  "iMac Pro 2017": {
    "device_name": "Intel(R) Xeon(R) W-2150B CPU @ 3.00GHz",
    "results": {
      "unary 1d(1, 'relu')": {
        "mean_ms": 0.001941699999998825
      },
      "unary 1d(1, 'sigmoid')": {
        "mean_ms": 0.0018541100000013522
      },
      "unary 1d(729, 'relu')": {
        "mean_ms": 0.011333509999988944
      },
      "unary 1d(729, 'sigmoid')": {
        "mean_ms": 0.0117581500000008
      },
      "unary 1d(2187, 'relu')": {
        "mean_ms": 0.031276400000015414
      },
      "unary 1d(2187, 'sigmoid')": {
        "mean_ms": 0.03365503999998465
      },
      "unary 1d(59049, 'relu')": {
        "mean_ms": 0.8186579899999963
      },
      "unary 1d(59049, 'sigmoid')": {
        "mean_ms": 0.8733654099999822
      },
      "unary 1d(177147, 'relu')": {
        "mean_ms": 2.346817960000021
      },
      "unary 1d(177147, 'sigmoid')": {
        "mean_ms": 2.45815985999998
      },
      "unary 1d(531441, 'relu')": {
        "mean_ms": 7.521639840000013
      },
      "unary 1d(531441, 'sigmoid')": {
        "mean_ms": 7.742691130000041
      },
      "unary 1d(1594323, 'relu')": {
        "mean_ms": 23.080702440000014
      },
      "unary 1d(1594323, 'sigmoid')": {
        "mean_ms": 22.659062269999886
      }
    }
  },
  "Ubuntu": {
    "device_name": "NVIDIA GeForce RTX 3090",
    "results": {
      "unary 1d(1, 'exp')": {
        "mean_ms": 0.017307089947280474
      },
      "unary 1d(1, 'relu')": {
        "mean_ms": 0.01801555004931288
      },
      "unary 1d(1, 'sigmoid')": {
        "mean_ms": 0.017150799940282013
      },
      "unary 1d(1, 'tanh')": {
        "mean_ms": 0.01733656998112565
      },
      "unary 1d(3, 'exp')": {
        "mean_ms": 0.017355979871354066
      },
      "unary 1d(3, 'relu')": {
        "mean_ms": 0.017928069864865392
      },
      "unary 1d(3, 'sigmoid')": {
        "mean_ms": 0.017258049992960878
      },
      "unary 1d(3, 'tanh')": {
        "mean_ms": 0.017341550192213617
      },
      "unary 1d(729, 'exp')": {
        "mean_ms": 0.023607859839103185
      },
      "unary 1d(729, 'relu')": {
        "mean_ms": 0.02398638996965019
      },
      "unary 1d(729, 'sigmoid')": {
        "mean_ms": 0.023501489849877544
      },
      "unary 1d(729, 'tanh')": {
        "mean_ms": 0.023890190132078715
      },
      "unary 1d(2187, 'exp')": {
        "mean_ms": 0.03582531018764712
      },
      "unary 1d(2187, 'relu')": {
        "mean_ms": 0.035468789901642594
      },
      "unary 1d(2187, 'sigmoid')": {
        "mean_ms": 0.03490231010800926
      },
      "unary 1d(2187, 'tanh')": {
        "mean_ms": 0.03494194010272622
      },
      "unary 1d(59049, 'exp')": {
        "mean_ms": 0.510506159880606
      },
      "unary 1d(59049, 'relu')": {
        "mean_ms": 0.5104153397769551
      },
      "unary 1d(59049, 'sigmoid')": {
        "mean_ms": 0.5103338998742402
      },
      "unary 1d(59049, 'tanh')": {
        "mean_ms": 0.5108106000625412
      },
      "unary 1d(177147, 'exp')": {
        "mean_ms": 1.5092946099684923
      },
      "unary 1d(177147, 'relu')": {
        "mean_ms": 1.496600440259499
      },
      "unary 1d(177147, 'sigmoid')": {
        "mean_ms": 1.4964316600526217
      },
      "unary 1d(177147, 'tanh')": {
        "mean_ms": 1.497090749835479
      },
      "unary 1d(531441, 'exp')": {
        "mean_ms": 5.004458160074137
      },
      "unary 1d(531441, 'relu')": {
        "mean_ms": 4.868550640094327
      },
      "unary 1d(531441, 'sigmoid')": {
        "mean_ms": 4.885275449923938
      },
      "unary 1d(531441, 'tanh')": {
        "mean_ms": 4.913984840313788
      },
      "unary 1d(1594323, 'exp')": {
        "mean_ms": 15.24185075009882
      },
      "unary 1d(1594323, 'relu')": {
        "mean_ms": 14.226782110054046
      },
      "unary 1d(1594323, 'sigmoid')": {
        "mean_ms": 14.316943770463695
      },
      "unary 1d(1594323, 'tanh')": {
        "mean_ms": 14.268473839947546
      }
    }
  }
}