{
  "iMac Pro 2017": {
    "device_name": "Intel(R) Xeon(R) W-2150B CPU @ 3.00GHz",
    "results": {
      "unary 1d(1, 'exp')": {
        "mean_ms": 0.001744029999997121
      },
      "unary 1d(1, 'relu')": {
        "mean_ms": 0.002185660000004752
      },
      "unary 1d(1, 'sigmoid')": {
        "mean_ms": 0.0018796799999853953
      },
      "unary 1d(1, 'tanh')": {
        "mean_ms": 0.0020209100000068148
      },
      "unary 1d(3, 'exp')": {
        "mean_ms": 0.0019426199999927896
      },
      "unary 1d(3, 'relu')": {
        "mean_ms": 0.002074270000007594
      },
      "unary 1d(3, 'sigmoid')": {
        "mean_ms": 0.0018029699999999593
      },
      "unary 1d(3, 'tanh')": {
        "mean_ms": 0.0020025499999998253
      },
      "unary 1d(729, 'exp')": {
        "mean_ms": 0.011913379999988205
      },
      "unary 1d(729, 'relu')": {
        "mean_ms": 0.01181569999999299
      },
      "unary 1d(729, 'sigmoid')": {
        "mean_ms": 0.012979090000002635
      },
      "unary 1d(729, 'tanh')": {
        "mean_ms": 0.014844180000002094
      },
      "unary 1d(2187, 'exp')": {
        "mean_ms": 0.034686270000003905
      },
      "unary 1d(2187, 'relu')": {
        "mean_ms": 0.03194373999999778
      },
      "unary 1d(2187, 'sigmoid')": {
        "mean_ms": 0.036297229999997516
      },
      "unary 1d(2187, 'tanh')": {
        "mean_ms": 0.039017879999994065
      }
    }
  },
  "Ubuntu": {
    "device_name": "NVIDIA GeForce RTX 3090",
    "results": {
      "unary 1d(1, 'exp')": {
        "mean_ms": 0.017110529988713097
      },
      "unary 1d(1, 'relu')": {
        "mean_ms": 0.017600499850232154
      },
      "unary 1d(1, 'sigmoid')": {
        "mean_ms": 0.01686108993453672
      },
      "unary 1d(1, 'tanh')": {
        "mean_ms": 0.01689378997980384
      },
      "unary 1d(3, 'exp')": {
        "mean_ms": 0.017210979931405745
      },
      "unary 1d(3, 'relu')": {
        "mean_ms": 0.01767719999406836
      },
      "unary 1d(3, 'sigmoid')": {
        "mean_ms": 0.01700001999779488
      },
      "unary 1d(3, 'tanh')": {
        "mean_ms": 0.0172072899658815
      },
      "unary 1d(729, 'exp')": {
        "mean_ms": 0.023132390015234705
      },
      "unary 1d(729, 'relu')": {
        "mean_ms": 0.023627639948244905
      },
      "unary 1d(729, 'sigmoid')": {
        "mean_ms": 0.022888829935254762
      },
      "unary 1d(729, 'tanh')": {
        "mean_ms": 0.024038310075411573
      },
      "unary 1d(2187, 'exp')": {
        "mean_ms": 0.03500055005133618
      },
      "unary 1d(2187, 'relu')": {
        "mean_ms": 0.0356301800457004
      },
      "unary 1d(2187, 'sigmoid')": {
        "mean_ms": 0.03487970996502554
      },
      "unary 1d(2187, 'tanh')": {
        "mean_ms": 0.03500367000015103
      }
    }
  }
}