{
  "iMac Pro 2017": {
    "device_name": "Intel(R) Xeon(R) W-2150B CPU @ 3.00GHz",
    "results": {
      "unary 1d(1, 'exp')": {
        "mean_ms": 0.0017489299999962071
      },
      "unary 1d(1, 'relu')": {
        "mean_ms": 0.002601019999999288
      },
      "unary 1d(1, 'sigmoid')": {
        "mean_ms": 0.0023726700000037404
      },
      "unary 1d(1, 'tanh')": {
        "mean_ms": 0.002719750000002019
      },
      "unary 1d(3, 'exp')": {
        "mean_ms": 0.0025912399999938884
      },
      "unary 1d(3, 'relu')": {
        "mean_ms": 0.0021849200000234603
      },
      "unary 1d(3, 'sigmoid')": {
        "mean_ms": 0.002187650000011754
      },
      "unary 1d(3, 'tanh')": {
        "mean_ms": 0.0026012199999936314
      },
      "unary 1d(729, 'exp')": {
        "mean_ms": 0.012027050000000816
      },
      "unary 1d(729, 'relu')": {
        "mean_ms": 0.012301880000000764
      },
      "unary 1d(729, 'sigmoid')": {
        "mean_ms": 0.01274172000000462
      },
      "unary 1d(729, 'tanh')": {
        "mean_ms": 0.013635879999991385
      },
      "unary 1d(2187, 'exp')": {
        "mean_ms": 0.031208510000009237
      },
      "unary 1d(2187, 'relu')": {
        "mean_ms": 0.0326409400000105
      },
      "unary 1d(2187, 'sigmoid')": {
        "mean_ms": 0.03292429000000041
      },
      "unary 1d(2187, 'tanh')": {
        "mean_ms": 0.037330429999995474
      },
      "unary 1d(59049, 'exp')": {
        "mean_ms": 0.8595225699999952
      },
      "unary 1d(59049, 'relu')": {
        "mean_ms": 0.817181550000015
      },
      "unary 1d(59049, 'sigmoid')": {
        "mean_ms": 0.8695381999999928
      },
      "unary 1d(59049, 'tanh')": {
        "mean_ms": 1.0145091800000114
      },
      "unary 1d(177147, 'exp')": {
        "mean_ms": 2.4909882300000294
      },
      "unary 1d(177147, 'relu')": {
        "mean_ms": 2.420883400000036
      },
      "unary 1d(177147, 'sigmoid')": {
        "mean_ms": 2.5044747100000024
      },
      "unary 1d(177147, 'tanh')": {
        "mean_ms": 2.911816649999998
      },
      "unary 1d(531441, 'exp')": {
        "mean_ms": 8.041043200000072
      },
      "unary 1d(531441, 'relu')": {
        "mean_ms": 7.514801870000013
      },
      "unary 1d(531441, 'sigmoid')": {
        "mean_ms": 7.817297830000016
      },
      "unary 1d(531441, 'tanh')": {
        "mean_ms": 8.92526138999987
      },
      "unary 1d(1594323, 'exp')": {
        "mean_ms": 23.813698160000037
      },
      "unary 1d(1594323, 'relu')": {
        "mean_ms": 22.30062170000005
      },
      "unary 1d(1594323, 'sigmoid')": {
        "mean_ms": 22.803965779999857
      },
      "unary 1d(1594323, 'tanh')": {
        "mean_ms": 25.946339269999818
      }
    }
  },
  "Ubuntu": {
    "device_name": "NVIDIA GeForce RTX 3090",
    "results": {
      "unary 1d(1, 'exp')": {
        "mean_ms": 0.017134779918706045
      },
      "unary 1d(1, 'relu')": {
        "mean_ms": 0.017331420112896012
      },
      "unary 1d(1, 'sigmoid')": {
        "mean_ms": 0.016961740166152595
      },
      "unary 1d(1, 'tanh')": {
        "mean_ms": 0.016916390086407773
      },
      "unary 1d(3, 'exp')": {
        "mean_ms": 0.017086950028897263
      },
      "unary 1d(3, 'relu')": {
        "mean_ms": 0.017769940095604397
      },
      "unary 1d(3, 'sigmoid')": {
        "mean_ms": 0.01685069992163335
      },
      "unary 1d(3, 'tanh')": {
        "mean_ms": 0.016739880102250027
      },
      "unary 1d(729, 'exp')": {
        "mean_ms": 0.02353684007175616
      },
      "unary 1d(729, 'relu')": {
        "mean_ms": 0.023596409992023837
      },
      "unary 1d(729, 'sigmoid')": {
        "mean_ms": 0.023035149970382918
      },
      "unary 1d(729, 'tanh')": {
        "mean_ms": 0.02297171002282994
      },
      "unary 1d(2187, 'exp')": {
        "mean_ms": 0.034870500003307825
      },
      "unary 1d(2187, 'relu')": {
        "mean_ms": 0.0356356600059371
      },
      "unary 1d(2187, 'sigmoid')": {
        "mean_ms": 0.03457492006418761
      },
      "unary 1d(2187, 'tanh')": {
        "mean_ms": 0.03540534993589972
      },
      "unary 1d(59049, 'exp')": {
        "mean_ms": 0.5118267201032722
      },
      "unary 1d(59049, 'relu')": {
        "mean_ms": 0.5111842799851729
      },
      "unary 1d(59049, 'sigmoid')": {
        "mean_ms": 0.5122697900333151
      },
      "unary 1d(59049, 'tanh')": {
        "mean_ms": 0.5107985099675716
      },
      "unary 1d(177147, 'exp')": {
        "mean_ms": 1.5114758201161749
      },
      "unary 1d(177147, 'relu')": {
        "mean_ms": 1.49879651989977
      },
      "unary 1d(177147, 'sigmoid')": {
        "mean_ms": 1.4965170399227645
      },
      "unary 1d(177147, 'tanh')": {
        "mean_ms": 1.4984700700370013
      }
    }
  }
}