{
  "iMac Pro 2017": {
    "device_name": "Intel(R) Xeon(R) W-2150B CPU @ 3.00GHz",
    "results": {
      "unary 1d(1, 'neg')": {
        "mean_ms": 0.0013801080000001241
      },
      "unary 1d(1, 'sigmoid')": {
        "mean_ms": 0.0013808616999997358
      },
      "unary 1d(729, 'neg')": {
        "mean_ms": 0.0013364320000000874
      },
      "unary 1d(729, 'sigmoid')": {
        "mean_ms": 0.0021165922000002
      },
      "unary 1d(2187, 'neg')": {
        "mean_ms": 0.001697093799999827
      },
      "unary 1d(2187, 'sigmoid')": {
        "mean_ms": 0.0035843734999997157
      },
      "unary 1d(59049, 'neg')": {
        "mean_ms": 0.013471704300000286
      },
      "unary 1d(59049, 'sigmoid')": {
        "mean_ms": 0.05810177530000007
      },
      "unary 1d(177147, 'neg')": {
        "mean_ms": 0.07038525420000016
      },
      "unary 1d(177147, 'sigmoid')": {
        "mean_ms": 0.17541139020000032
      },
      "unary 1d(531441, 'neg')": {
        "mean_ms": 0.39472528800000034
      },
      "unary 1d(531441, 'sigmoid')": {
        "mean_ms": 0.7067342892999998
      },
      "unary 1d(1594323, 'neg')": {
        "mean_ms": 1.4971877524000001
      },
      "unary 1d(1594323, 'sigmoid')": {
        "mean_ms": 2.329410225799999
      }
    }
  },
  "Ubuntu": {
    "device_name": "NVIDIA GeForce RTX 3090",
    "results": {
      "unary 1d(1, 'neg')": {
        "mean_ms": 0.0030647471896372734
      },
      "unary 1d(1, 'sigmoid')": {
        "mean_ms": 0.0032397051807492973
      },
      "unary 1d(729, 'neg')": {
        "mean_ms": 0.0031437218189239503
      },
      "unary 1d(729, 'sigmoid')": {
        "mean_ms": 0.0033297683112323284
      },
      "unary 1d(2187, 'neg')": {
        "mean_ms": 0.0032443344127386807
      },
      "unary 1d(2187, 'sigmoid')": {
        "mean_ms": 0.0034270648029632866
      },
      "unary 1d(59049, 'neg')": {
        "mean_ms": 0.007682242966257036
      },
      "unary 1d(59049, 'sigmoid')": {
        "mean_ms": 0.00791741251014173
      },
      "unary 1d(177147, 'neg')": {
        "mean_ms": 0.017237114638555796
      },
      "unary 1d(177147, 'sigmoid')": {
        "mean_ms": 0.017479626776184885
      },
      "unary 1d(531441, 'neg')": {
        "mean_ms": 0.05082451964262873
      },
      "unary 1d(531441, 'sigmoid')": {
        "mean_ms": 0.050223751668818296
      },
      "unary 1d(1594323, 'neg')": {
        "mean_ms": 0.16550250959116966
      },
      "unary 1d(1594323, 'sigmoid')": {
        "mean_ms": 0.15677298542577772
      }
    }
  }
}