{
  "iMac Pro 2017": {
    "device_name": "Intel(R) Xeon(R) W-2150B CPU @ 3.00GHz",
    "results": {
      "unary 1d(1, 'neg')": {
        "mean_ms": 0.0006192423000000114
      },
      "unary 1d(1, 'sigmoid')": {
        "mean_ms": 0.0006350178999999567
      },
      "unary 1d(729, 'neg')": {
        "mean_ms": 0.0007370304999999355
      },
      "unary 1d(729, 'sigmoid')": {
        "mean_ms": 0.0014869127000000982
      },
      "unary 1d(2187, 'neg')": {
        "mean_ms": 0.0010392406000000244
      },
      "unary 1d(2187, 'sigmoid')": {
        "mean_ms": 0.002923883000000038
      },
      "unary 1d(59049, 'neg')": {
        "mean_ms": 0.012695875000000112
      },
      "unary 1d(59049, 'sigmoid')": {
        "mean_ms": 0.05949995810000006
      },
      "unary 1d(177147, 'neg')": {
        "mean_ms": 0.06763813710000006
      },
      "unary 1d(177147, 'sigmoid')": {
        "mean_ms": 0.17761388880000026
      },
      "unary 1d(531441, 'neg')": {
        "mean_ms": 0.23893575790000068
      },
      "unary 1d(531441, 'sigmoid')": {
        "mean_ms": 0.5327946479000003
      },
      "unary 1d(1594323, 'neg')": {
        "mean_ms": 0.7906363805999996
      },
      "unary 1d(1594323, 'sigmoid')": {
        "mean_ms": 1.6963839381000023
      }
    }
  },
  "Ubuntu": {
    "device_name": "NVIDIA GeForce RTX 3090",
    "results": {
      "unary 1d(1, 'relu')": {
        "mean_ms": 0.004985044598652166
      },
      "unary 1d(1, 'sigmoid')": {
        "mean_ms": 0.004536234700208297
      },
      "unary 1d(729, 'relu')": {
        "mean_ms": 0.0050500405977800256
      },
      "unary 1d(729, 'sigmoid')": {
        "mean_ms": 0.004659363898463198
      },
      "unary 1d(2187, 'relu')": {
        "mean_ms": 0.005203676098608412
      },
      "unary 1d(2187, 'sigmoid')": {
        "mean_ms": 0.00478523089986993
      },
      "unary 1d(59049, 'relu')": {
        "mean_ms": 0.010222147998138097
      },
      "unary 1d(59049, 'sigmoid')": {
        "mean_ms": 0.009777906502131372
      },
      "unary 1d(177147, 'relu')": {
        "mean_ms": 0.021203398600118818
      },
      "unary 1d(177147, 'sigmoid')": {
        "mean_ms": 0.020586469901172678
      },
      "unary 1d(531441, 'relu')": {
        "mean_ms": 0.05511234249825066
      },
      "unary 1d(531441, 'sigmoid')": {
        "mean_ms": 0.05354694990091957
      },
      "unary 1d(1594323, 'relu')": {
        "mean_ms": 0.16755459219966723
      },
      "unary 1d(1594323, 'sigmoid')": {
        "mean_ms": 0.15858024310182373
      }
    }
  }
}