{
  "iMac Pro 2017": {
    "device_name": "Intel(R) Xeon(R) W-2150B CPU @ 3.00GHz",
    "results": {
      "unary 1d(1, 'exp')": {
        "mean_ms": 0.0018971400000289407
      },
      "unary 1d(1, 'relu')": {
        "mean_ms": 0.0020406100000003313
      },
      "unary 1d(1, 'sigmoid')": {
        "mean_ms": 0.0019570400000001875
      },
      "unary 1d(1, 'tanh')": {
        "mean_ms": 0.002153570000014149
      },
      "unary 1d(3, 'exp')": {
        "mean_ms": 0.001760079999986175
      },
      "unary 1d(3, 'relu')": {
        "mean_ms": 0.0018898900000041685
      },
      "unary 1d(3, 'sigmoid')": {
        "mean_ms": 0.0018298199999855491
      },
      "unary 1d(3, 'tanh')": {
        "mean_ms": 0.0023268499999895553
      },
      "unary 1d(729, 'exp')": {
        "mean_ms": 0.01216910999999099
      },
      "unary 1d(729, 'relu')": {
        "mean_ms": 0.012097489999995936
      },
      "unary 1d(729, 'sigmoid')": {
        "mean_ms": 0.012115739999996045
      },
      "unary 1d(729, 'tanh')": {
        "mean_ms": 0.013779350000007184
      },
      "unary 1d(2187, 'exp')": {
        "mean_ms": 0.033807129999987584
      },
      "unary 1d(2187, 'relu')": {
        "mean_ms": 0.03334037000001233
      },
      "unary 1d(2187, 'sigmoid')": {
        "mean_ms": 0.037991059999995525
      },
      "unary 1d(2187, 'tanh')": {
        "mean_ms": 0.04026051000000308
      },
      "unary 1d(59049, 'exp')": {
        "mean_ms": 0.9218834200000049
      },
      "unary 1d(59049, 'relu')": {
        "mean_ms": 0.8622017299999958
      },
      "unary 1d(59049, 'sigmoid')": {
        "mean_ms": 0.9293525199999929
      },
      "unary 1d(59049, 'tanh')": {
        "mean_ms": 1.0563641299999873
      },
      "unary 1d(177147, 'exp')": {
        "mean_ms": 2.668410019999978
      },
      "unary 1d(177147, 'relu')": {
        "mean_ms": 2.54384559
      },
      "unary 1d(177147, 'sigmoid')": {
        "mean_ms": 2.7275111099999805
      },
      "unary 1d(177147, 'tanh')": {
        "mean_ms": 3.146045580000005
      }
    }
  },
  "Ubuntu": {
    "device_name": "NVIDIA GeForce RTX 3090",
    "results": {
      "unary 1d(1, 'exp')": {
        "mean_ms": 0.017110529988713097
      },
      "unary 1d(1, 'relu')": {
        "mean_ms": 0.017600499850232154
      },
      "unary 1d(1, 'sigmoid')": {
        "mean_ms": 0.01686108993453672
      },
      "unary 1d(1, 'tanh')": {
        "mean_ms": 0.01689378997980384
      },
      "unary 1d(3, 'exp')": {
        "mean_ms": 0.017210979931405745
      },
      "unary 1d(3, 'relu')": {
        "mean_ms": 0.01767719999406836
      },
      "unary 1d(3, 'sigmoid')": {
        "mean_ms": 0.01700001999779488
      },
      "unary 1d(3, 'tanh')": {
        "mean_ms": 0.0172072899658815
      },
      "unary 1d(729, 'exp')": {
        "mean_ms": 0.023132390015234705
      },
      "unary 1d(729, 'relu')": {
        "mean_ms": 0.023627639948244905
      },
      "unary 1d(729, 'sigmoid')": {
        "mean_ms": 0.022888829935254762
      },
      "unary 1d(729, 'tanh')": {
        "mean_ms": 0.024038310075411573
      },
      "unary 1d(2187, 'exp')": {
        "mean_ms": 0.03500055005133618
      },
      "unary 1d(2187, 'relu')": {
        "mean_ms": 0.0356301800457004
      },
      "unary 1d(2187, 'sigmoid')": {
        "mean_ms": 0.03487970996502554
      },
      "unary 1d(2187, 'tanh')": {
        "mean_ms": 0.03500367000015103
      }
    }
  }
}