{
  "iMac Pro 2017": {
    "device_name": "Intel(R) Xeon(R) W-2150B CPU @ 3.00GHz",
    "results": {
      "unary 1d(1, 'neg')": {
        "mean_ms": 0.0006192423000000114
      },
      "unary 1d(1, 'sigmoid')": {
        "mean_ms": 0.0006350178999999567
      },
      "unary 1d(729, 'neg')": {
        "mean_ms": 0.0007370304999999355
      },
      "unary 1d(729, 'sigmoid')": {
        "mean_ms": 0.0014869127000000982
      },
      "unary 1d(2187, 'neg')": {
        "mean_ms": 0.0010392406000000244
      },
      "unary 1d(2187, 'sigmoid')": {
        "mean_ms": 0.002923883000000038
      },
      "unary 1d(59049, 'neg')": {
        "mean_ms": 0.012695875000000112
      },
      "unary 1d(59049, 'sigmoid')": {
        "mean_ms": 0.05949995810000006
      },
      "unary 1d(177147, 'neg')": {
        "mean_ms": 0.06763813710000006
      },
      "unary 1d(177147, 'sigmoid')": {
        "mean_ms": 0.17761388880000026
      },
      "unary 1d(531441, 'neg')": {
        "mean_ms": 0.23893575790000068
      },
      "unary 1d(531441, 'sigmoid')": {
        "mean_ms": 0.5327946479000003
      },
      "unary 1d(1594323, 'neg')": {
        "mean_ms": 0.7906363805999996
      },
      "unary 1d(1594323, 'sigmoid')": {
        "mean_ms": 1.6963839381000023
      }
    }
  },
  "Ubuntu": {
    "device_name": "NVIDIA GeForce RTX 3090",
    "results": {
      "unary 1d(1, 'neg')": {
        "mean_ms": 0.0030647471896372734
      },
      "unary 1d(1, 'sigmoid')": {
        "mean_ms": 0.0032397051807492973
      },
      "unary 1d(729, 'neg')": {
        "mean_ms": 0.0031437218189239503
      },
      "unary 1d(729, 'sigmoid')": {
        "mean_ms": 0.0033297683112323284
      },
      "unary 1d(2187, 'neg')": {
        "mean_ms": 0.0032443344127386807
      },
      "unary 1d(2187, 'sigmoid')": {
        "mean_ms": 0.0034270648029632866
      },
      "unary 1d(59049, 'neg')": {
        "mean_ms": 0.007682242966257036
      },
      "unary 1d(59049, 'sigmoid')": {
        "mean_ms": 0.00791741251014173
      },
      "unary 1d(177147, 'neg')": {
        "mean_ms": 0.017237114638555796
      },
      "unary 1d(177147, 'sigmoid')": {
        "mean_ms": 0.017479626776184885
      },
      "unary 1d(531441, 'neg')": {
        "mean_ms": 0.05082451964262873
      },
      "unary 1d(531441, 'sigmoid')": {
        "mean_ms": 0.050223751668818296
      },
      "unary 1d(1594323, 'neg')": {
        "mean_ms": 0.16550250959116966
      },
      "unary 1d(1594323, 'sigmoid')": {
        "mean_ms": 0.15677298542577772
      }
    }
  }
}